Name of Opportunity,Description,Host Organization,Contact Name,Contact Email,Online Only (provide link to participate),Location Name,Location Address,"Online & Physical Location Only (Name, Address, Link)",Date,Time,Select the public engagement of science domain that fits your opportunity best.,What is the cost $,Ticket or registration required,More information/registration
AustinBlu Family Fishing Tournament 2026,"AustinBlu Family Fishing Tournament 2026
Calling all anglers!

Join the River Center and the AustinBlu Foundation for the annual AustinBlu Fishing tournament on Saturday, June 6th. This family-friendly tournament aims to support the education and outreach efforts of the foundation, which is dedicated to teach people about the importance of safety on the water.

This unique tournament will showcase not just one competition, but two! Anglers will have the option to compete in our Release Competition and/or the Harvest Competition. In the Release Competition, anglers will receive points for the number/species of fish caught, photographed, and released. In the Harvest Competition, anglers will compete to catch the heaviest fish out of these 4 categories:

Sheepshead
Crevalle Jack
Snapper (any species)
Grunts (any species)
Fishing will commence at 7:00 am and with lines out of the water at 3:00 p.m. Anglers will have until 4:00 pm to submit and weigh their catches. The tournament celebration will begin at 5:00 pm. Participants can enjoy food and beverages from local eateries.

Winners will be announced at 7:00 p.m.

Don’t miss out on this great opportunity to support a wonderful cause!",River Center and the AustinBlu Foundation,River Center,rivercenter@lrecd.org,https://lrdrivercenter.org/events-calendar/austinblu-family-fishing-tournament-26/?occurrence=2026-06-06,"River Center 805 N US Highway 1, Jupiter, FL 33477","River Center 805 N US Highway 1, Jupiter, FL 33477","River Center
805 N US Highway 1, Jupiter, FL 33477",6/6/2026,7:00:00 AM,Live Science,10,Yes,Early Bird Registration: April 15th – May 15th [$40/adult | $30/child] Regular Registration: May 15th – June 3rd (not guaranteed to get an angler shirt or bucket) [$50/adult | $40/child]
Fishing Adventure – Cypress Creek Natural Area,"Join us for our new summer fishing program! We’ll be set up at Cypress Creek South. This off-site program is designed for young anglers who want more fishing experience. It’s an exciting way to discover new fishing spots while accompanied by River Center staff.

Poles and bait will be provided, or you can bring your own gear. Parents are encouraged to accompany their children and participate.

Everyone should bring water, sunscreen, hats, and sunglasses.

Cost is $10

Registration is required to attend. Space is limited.",River Center,Sarah Duggan,Sara.Duggan@lrecd.org,https://lrdrivercenter.org/events-calendar/family-fishing-clinic-3-3-624-423-860-768-590-286/?occurrence=2026-06-12&time=1781258400,"Cypress Creek Natural Area 10035 Indiantown Road, Jupiter, FL 33478","Cypress Creek Natural Area 10035 Indiantown Road, Jupiter, FL 33478","Cypress Creek Natural Area
10035 Indiantown Road, Jupiter, FL 33478",6/12/2026,10:00:00 AM,Live Science,10,Yes,Cost is $10 Registration is required to attend. Space is limited.
Science with Sam Family Fun – Cloud Craze,"Science with Sam Family Fun – Cloud Craze
JUNE 12TH – Cloud Craze
🌥️ Ready to take your weather game to the next level? This lesson is a cloud-venture! ☁️✨ Join us as we unravel the mysteries of clouds: how they’re formed, and identify types outside! Plus, get your hands dirty with a cloud-forming experiment in our weather lab. Who said science can’t be fun? 🌪️💧
There is no cost for this program but please RSVP to attend. Space is limited",River Center,Sara Duggan,Sara.duggan@lrecd.org,https://lrdrivercenter.org/events-calendar/science-with-sam-family-fun-night-568-131/?occurrence=2026-06-12,"River Center 805 N US Highway 1, Jupiter, FL 33477","River Center 805 N US Highway 1, Jupiter, FL 33477","River Center
805 N US Highway 1, Jupiter, FL 33477",6/12/2026,3:00:00 PM,Live Science,0,Yes,Free
Estuary Exploration: Seine & Dip Netting,"Join the River Center in a day of estuary exploration at our Family Seine and Dip Netting Experience!

Activities will include exploring our local waterways searching for urchins, conchs, fish, and more! Please make sure to bring sunscreen, water shoes, and plenty of water!",River Center,Sarah Duggan,Sara.Duggan@lredc.org,https://lrdrivercenter.org/events-calendar/estuary-exploration-seine-dip-netting-695-775-825-940-464-998-847/?occurrence=2026-06-19&time=1781863200,Blowing Rocks Preserve,"574 S Beach Rd, Hobe Sound, FL 33455","574 S Beach Rd, Hobe Sound, FL 33455",6/19/2026,10:00:00 AM,Live Science,0,Yes,Free
Blooming in the Garden,"Join the River Center for our Bloomin’ in the Garden program, designed for children ages 3-6. This month’s theme is Butterflies!

The program will start at 10:00am with story time and a nature-themed craft. We will then move to our garden for exploration and hands-on fun. When it’s time to go home, children will receive seed to take home to start their own garden! So don’t miss this exciting chance for you and your little ones to enjoy nature together!

**This program has limited space so please only sign up if you are planning on attending, and please let us know if you won’t be able to make it!**

This activity is outside, so dress comfortably and be ready to possibly get a little messy.

All equipment will be provided, and this program is free of charge. Donations are always welcome.

",River center,Sara Duggan,sara.duggan@lrecd.org,https://lrdrivercenter.org/events-calendar/blooming-in-the-garden-5-967-552-574-732-991-110-809-186-903-322-114-978-559-137-689-417-468-582-767-840-456-751-554-373-393-402/?occurrence=2026-06-20,River Center,River Center | 805 N US Highway 1,River Center | 805 N US Highway 1,6/20/2026,10:00:00 AM,Live Science,0,Yes,Free
,,,,,,,,,,,,,,
